"Pair","Direction","Model","Response","Predictor","n","a","SE_a","b","SE_b","t_b","p_b","CI_b_lower","CI_b_upper","SSE","SSR","SST","R2","adj_R2","RMSE","MAE","RSE","DW","a_train","b_train","R2_train","R2_test","RMSE_test"
1,"primary","meantemp ~ humidity","meantemp","humidity",1575,40.2272798795394,0.560859237074037,-0.248190483569774,0.00893759408410847,-27.7692722710545,1.90787393206021e-138,-0.265721335239863,-0.230659631899686,56862.4743859622,27875.7158501527,84738.1902361149,0.328962841576858,0.328536244527638,6.00859037880712,5.11278119345521,6.01240899398686,0.0711626410888395,40.6967950502004,-0.250073347291322,0.325481657977241,0.121544679932668,5.93483510048727
1,"reverse","humidity ~ meantemp","humidity","meantemp",1575,93.8631901763519,1.2541761813814,-1.32544502450424,0.0477306359189622,-27.7692722710545,1.90787393206021e-138,-1.41906738982312,-1.23182265918535,303670.32076266,148868.435028822,452538.755791482,0.328962841576858,0.328536244527638,13.8854799292347,11.1323758620056,13.8943045122223,0.252830658357723,93.9422172334271,-1.3015447727745,0.325481657977241,0.309867779963528,15.7710271076914
2,"primary","meantemp ~ wind_speed","meantemp","wind_speed",1575,21.4546813170708,0.337998949138841,0.554791488864754,0.0424192316713895,13.0787726935409,3.51090769532974e-37,0.471587300870529,0.63799567685898,76427.1924392519,8310.99779686301,84738.1902361149,0.0980785378317051,0.0975051611869701,6.96600326935979,5.99141394159232,6.97043034528767,0.157336866218337,21.5414609320058,0.591326662294952,0.112787915630245,-0.501882713791231,7.76009123508404
2,"reverse","wind_speed ~ meantemp","wind_speed","meantemp",1575,2.34723198134709,0.355171843137644,0.176784503367921,0.0135169031154757,13.0787726935409,3.51090769532979e-37,0.150271459552506,0.203297547183335,24353.5517944317,2648.30237575704,27001.8541701887,0.0980785378317051,0.0975051611869701,3.93224777549599,3.13249543973378,3.93474682104567,1.10325522489076,1.83973263127746,0.190737071101298,0.112787915630246,-0.339518923740818,4.08404625052443
3,"primary","meantemp ~ meanpressure","meantemp","meanpressure",1575,905.614988000574,11.9278387038055,-0.872921466277109,0.0118264224202459,-73.8111184649328,0,-0.896118677437748,-0.849724255116471,18984.7075219276,65753.4827141873,84738.1902361149,0.775960432137758,0.77581800393187,3.47185577949385,2.83379282095446,3.47406223397745,0.280739094002,900.193266531318,-0.867534708712425,0.772806082614799,0.755071635841739,3.13377894890556
3,"reverse","meanpressure ~ meantemp","meanpressure","meantemp",1575,1030.97718404545,0.316449158078816,-0.888923531056148,0.0120432199043085,-73.8111184649327,0,-0.912545984681345,-0.865301077430951,19332.727969715,66958.8505857408,86291.5785554559,0.775960432137758,0.77581800393187,3.50353363295964,2.81324298866591,3.50576021954154,0.279949971370605,1030.96558638267,-0.890807105299315,0.7728060826148,0.730198880521439,2.94891125586396
4,"primary","humidity ~ wind_speed","humidity","wind_speed",1575,71.5705494317275,0.753773474010789,-1.63789469993593,0.0945993817533364,-17.3140106159115,1.3095942535144e-61,-1.8234488562327,-1.45234054363915,380100.90731277,72437.8484787118,452538.755791482,0.160069933351939,0.15953596636742,15.5349254714959,12.3583213796832,15.5447983199482,0.366816189341914,71.5760587669351,-1.61546572931938,0.161737766570349,0.0986489169582904,18.0235700512635
4,"reverse","wind_speed ~ humidity","wind_speed","humidity",1575,12.712586652842,0.354208808769804,-0.0977290746213419,0.00564450818411359,-17.3140106159115,1.30959425351451e-61,-0.10880062640531,-0.0866575228373737,22679.6691727878,4322.18499740088,27001.8541701887,0.160069933351939,0.15953596636742,3.79470551571217,3.01582096997303,3.79711714958491,1.13106653074546,12.7863709483212,-0.100118352023779,0.161737766570349,-0.00400796292979111,3.53577648876094
5,"primary","humidity ~ meanpressure","humidity","meanpressure",1575,-722.90315398164,54.7838565270565,0.776683990231086,0.0543180575448601,14.2988174713288,1.07476353873411e-43,0.670140573639881,0.883227406822291,400484.394742225,52054.3610492565,452538.755791482,0.115027410101516,0.114464808327899,15.9460279124784,12.7592515854582,15.9561620272049,0.258288580332804,-682.207523790079,0.736877156393724,0.107126100108087,0.133035130958872,17.6764307471069
5,"reverse","meanpressure ~ humidity","meanpressure","humidity",1575,999.599977992536,0.649965217768377,0.148100658116169,0.0103575458888913,14.2988174713288,1.0747635387341e-43,0.127784608971899,0.168416707260439,76365.6817606502,9925.8967948056,86291.5785554559,0.115027410101516,0.1144648083279,6.96319949086763,5.92475689755879,6.96762478492148,0.0758314404325253,999.413551708977,0.145378506008195,0.107126100108087,-0.213372718499002,6.25369854399363
6,"primary","wind_speed ~ meanpressure","wind_speed","meanpressure",1575,175.657902121688,13.5730925865432,-0.167418980302302,0.0134576875546074,-12.4403973285131,5.89387400804151e-34,-0.193815874379389,-0.141022086225214,24583.1775943066,2418.6765758821,27001.8541701887,0.0895744625771825,0.0889956796544725,3.95074255381743,3.16322067552263,3.95325335327889,1.09451469812993,189.481907995459,-0.181282618304822,0.104616815320496,-0.356256520514104,4.10948258718651
6,"reverse","meanpressure ~ wind_speed","meanpressure","wind_speed",1575,1012.19061745024,0.342687149845022,-0.535031705577477,0.0430076059026827,-12.4403973285131,5.89387400804151e-34,-0.619389973884394,-0.450673437270559,78562.0567814142,7729.52177404168,86291.5785554559,0.0895744625771825,0.0889956796544725,7.06262493498886,6.08172370413868,7.06711341649372,0.147807216826107,1012.11377663488,-0.577092367148986,0.104616815320495,-0.771824125250768,7.55701240041784
