"Month","Name","meantemp","humidity","wind_speed","meanpressure","days"
1,"Jan",13.8130731339553,78.1824091800961,5.27308678584676,1018.07126736555,155
2,"Feb",17.7652991273792,67.2477461326985,6.7366240664379,1015.3939162741,141
3,"Mar",23.0820346588895,58.1607092549028,7.863674224521,1012.3043884789,155
4,"Apr",29.6061224944037,37.598478228947,8.79504874465812,1006.57392292314,144
5,"May",33.3158891852687,35.7399405929471,9.00150977609786,1001.97569765339,124
6,"Jun",33.7340106074481,50.6287244352869,9.27405406746032,998.38406784188,120
7,"Jul",30.9957815653143,70.6314363648685,7.39657469842776,998.487430630855,124
8,"Aug",30.6017768529041,70.4698492080869,6.75634288948147,1000.94759839789,124
9,"Sep",30.4332158741758,60.7245635074343,7.27790999176192,1004.56870534678,120
10,"Oct",27.1131543090046,61.2206588891862,4.6623053700786,1010.50933668553,124
11,"Nov",20.6568545448229,60.613909046667,3.85331420446415,1014.60246921109,120
12,"Dec",15.6663170263031,72.3923157001172,4.61132047395777,1016.55921144155,124
