"Pair","Direction","Relation","Best","Equation","R2_linear","R2_best","Gain","adj_R2_best","R2_test_linear","R2_test_best","RMSE_linear","RMSE_best"
1,"primary","meantemp ~ humidity","cubic","y = 25.19 - 4.718 u + 0.1144 u^2 + 0.2106 u^3, u = (x - 60.42) / 16.96",0.328962841576858,0.3306618214111,0.0016989798342415,0.329383645385787,0.121544679932668,0.132419365573444,6.00859037880712,6.00097906877271
1,"reverse","humidity ~ meantemp","linear","y = 93.86 - 1.325 x",0.328962841576858,0.328962841576858,0,0.328536244527638,0.309867779963528,0.309867779963528,13.8854799292347,13.8854799292347
2,"primary","meantemp ~ wind_speed","exponential","y = 21.87 * exp(0.02049 x)",0.0980785378317051,0.0940231367400092,-0.00405540109169589,0.0934471819636201,-0.501882713791231,-0.479296364001898,6.96600326935979,6.98164667838964
2,"reverse","wind_speed ~ meantemp","logarithmic","y = -4.91 + 3.688 ln(x)",0.0980785378317051,0.0885709887452292,-0.00950754908647589,0.0879915678861988,-0.339518923740818,-0.295604457877267,3.93224777549599,3.95291921450871
3,"primary","meantemp ~ meanpressure","cubic","y = 26.83 - 7.522 u - 1.549 u^2 + 0.5026 u^3, u = (x -  1009) / 7.404",0.775960432137758,0.818618965688717,0.0426585335509589,0.81827259834121,0.755071635841739,0.71507007889351,3.47185577949385,3.12388652830248
3,"reverse","meanpressure ~ meantemp","quadratic","y =  1009 - 6.857 u - 0.8921 u^2, u = (x - 25.23) / 7.337",0.775960432137758,0.788101025947193,0.0121405938094352,0.787831434377152,0.730198880521439,0.751783672327726,3.50353363295964,3.40728416408032
4,"primary","humidity ~ wind_speed","exponential","y = 72.99 * exp(-0.0288 x)",0.160069933351939,0.164666446515128,0.00459651316318899,0.164135401662309,0.0986489169582904,0.0968141101782752,15.5349254714959,15.4923597547752
4,"reverse","wind_speed ~ humidity","power","y = 80.18 * x^-0.6134",0.160069933351939,0.150924526256733,-0.00914540709520539,0.15038474528169,-0.00400796292979111,0.04419693535875,3.79470551571217,3.81530852288011
5,"primary","humidity ~ meanpressure","quadratic","y = 55.24 + 6.302 u + 5.182 u^2, u = (x -  1009) / 7.404",0.115027410101516,0.186672758276708,0.071645348175192,0.185637990793599,0.133035130958872,0.291668421257433,15.9460279124784,15.2869297429396
5,"reverse","meanpressure ~ humidity","cubic","y =  1009 + 2.673 u - 0.6543 u^2 - 0.1487 u^3, u = (x - 60.42) / 16.96",0.115027410101516,0.125046220941832,0.0100188108403155,0.123375398957634,-0.213372718499002,-0.21092768754338,6.96319949086763,6.92367196631506
6,"primary","wind_speed ~ meanpressure","cubic","y = 6.822 - 1.542 u + 0.003991 u^2 + 0.1701 u^3, u = (x -  1009) / 7.404",0.0895744625771825,0.0910016561912267,0.0014271936140442,0.0892658223074416,-0.356256520514104,-0.351235949094629,3.95074255381743,3.94764472440696
6,"reverse","meanpressure ~ wind_speed","linear","y =  1012 - 0.535 x",0.0895744625771825,0.0895744625771825,0,0.0889956796544725,-0.771824125250768,-0.771824125250768,7.06262493498886,7.06262493498886
