"Pair","Direction","Relation","Response","Predictor","Model","Curve","k","Valid","Converged","Iterations","Status","Equation","p0","p1","p2","p3","center","scale","R2","adj_R2","RMSE","MAE","DW","R2_train","R2_test","RMSE_test","Eligible","Score","Best","R2_gain_vs_linear"
1,"primary","meantemp ~ humidity","meantemp","humidity","linear","linear",2,TRUE,TRUE,0,"ok (closed form)","y = 40.23 - 0.2482 x",40.2272798795394,-0.248190483569774,NA,NA,NA,NA,0.328962841576858,0.328536244527638,6.00859037880712,5.11278119345521,0.0711626410888395,0.325481657977241,0.121544679932668,5.93483510048727,TRUE,0.225040462230153,FALSE,0
1,"primary","meantemp ~ humidity","meantemp","humidity","poly2","quadratic",3,TRUE,TRUE,0,"ok (normal equations)","y = 25.22 - 4.204 u + 0.01179 u^2, u = (x - 60.42) / 16.96",25.2198023540593,-4.20427741196334,0.0117874764843441,NA,60.4201148949053,16.9560826662492,0.328966682052299,0.328112950095623,6.00857318462009,5.11388336549578,0.0709296236626317,0.325493141165384,0.121269365193894,5.93576503940113,TRUE,0.224691157644758,FALSE,3.84047544088606e-06
1,"primary","meantemp ~ humidity","meantemp","humidity","poly3","cubic",4,TRUE,TRUE,0,"ok (normal equations)","y = 25.19 - 4.718 u + 0.1144 u^2 + 0.2106 u^3, u = (x - 60.42) / 16.96",25.189769803661,-4.71774644155342,0.114389825214948,0.210588915446338,60.4201148949053,16.9560826662492,0.3306618214111,0.329383645385787,6.00097906877271,5.10760633046639,0.0706053671709163,0.326632465957429,0.132419365573444,5.89798607167385,TRUE,0.230901505479615,TRUE,0.0016989798342415
1,"primary","meantemp ~ humidity","meantemp","humidity","exponential","exponential",2,TRUE,TRUE,4,"ok (Gauss-Newton, 4 iterations)","y = 43.98 * exp(-0.009408 x)",43.9840985141987,-0.00940757835301169,NA,NA,60.4201148949053,NA,0.32579168045849,0.325363067413645,6.02277122525808,5.16206374274841,0.0652624094504297,0.322499432434132,0.112609575668384,5.96494147453906,TRUE,0.218986321541015,FALSE,-0.00317116111836768
1,"primary","meantemp ~ humidity","meantemp","humidity","logarithmic","logarithmic",2,TRUE,TRUE,0,"ok (linear in ln x)","y = 75.81 - 12.48 ln(x)",75.8106708903379,-12.4782779034681,NA,NA,NA,NA,0.313133506949439,0.312696846750424,6.07904668564947,5.24538495146906,0.0662751495559293,0.310297476106853,0.0864660920562919,6.05217049284964,TRUE,0.199581469403358,FALSE,-0.0158293346274195
1,"primary","meantemp ~ humidity","meantemp","humidity","power","power",2,TRUE,TRUE,5,"ok (Gauss-Newton, 5 iterations)","y = 141.9 * x^-0.4284",141.871187151749,-0.428422895396759,NA,NA,57.5912646391778,NA,0.296116509907563,0.29566903152861,6.15388962493491,5.3314438636142,0.0677745040615896,0.293564333971465,0.0593684871880137,6.14127549451758,TRUE,0.177518759358312,FALSE,-0.0328463316692951
1,"reverse","humidity ~ meantemp","humidity","meantemp","linear","linear",2,TRUE,TRUE,0,"ok (closed form)","y = 93.86 - 1.325 x",93.8631901763519,-1.32544502450424,NA,NA,NA,NA,0.328962841576858,0.328536244527638,13.8854799292347,11.1323758620056,0.252830658357723,0.325481657977241,0.309867779963528,15.7710271076914,TRUE,0.319202012245583,TRUE,0
1,"reverse","humidity ~ meantemp","humidity","meantemp","poly2","quadratic",3,TRUE,TRUE,0,"ok (normal equations)","y = 62.34 - 10.45 u - 1.925 u^2, u = (x - 25.23) / 7.337",62.3436975943043,-10.4464142853426,-1.92480479768329,NA,25.2315823464316,7.33731608053234,0.339738854810342,0.338898827908065,13.7735370183065,11.1353842050696,0.24756561429843,0.3425801559648,0.250104438791833,16.4397124837743,TRUE,0.294501633349949,FALSE,0.0107760132334842
1,"reverse","humidity ~ meantemp","humidity","meantemp","poly3","cubic",4,TRUE,TRUE,0,"ok (normal equations)","y = 62.99 -  5.42 u - 3.644 u^2 -  2.87 u^3, u = (x - 25.23) / 7.337",62.9874213175672,-5.41961995362972,-3.6442838530102,-2.86996246059068,25.2315823464316,7.33731608053234,0.372433426934754,0.371235018456589,13.4281910552643,10.8301116464088,0.253111764366379,0.382953395844172,0.208465559031187,16.8899644168024,TRUE,0.289850288743888,FALSE,0.0434705853578956
1,"reverse","humidity ~ meantemp","humidity","meantemp","exponential","exponential",2,TRUE,TRUE,4,"ok (Gauss-Newton, 4 iterations)","y = 100.8 * exp(-0.02075 x)",100.842288668624,-0.0207539057786316,NA,NA,25.2315823464316,NA,0.319916416738909,0.319484068624947,13.9787634533446,11.1832677551414,0.256709103228394,0.314655605839774,0.318371508597056,15.6735615600187,TRUE,0.318927788611002,FALSE,-0.00904642483794915
1,"reverse","humidity ~ meantemp","humidity","meantemp","logarithmic","logarithmic",2,TRUE,TRUE,0,"ok (linear in ln x)","y =   150 - 28.19 ln(x)",150.010988031235,-28.1945670735759,NA,NA,NA,NA,0.308919331094843,0.308479991826626,14.0913299035063,11.274017234148,0.258392325431289,0.301490013218977,0.329622556697702,15.5436684035541,TRUE,0.319051274262164,FALSE,-0.0200435104820151
1,"reverse","humidity ~ meantemp","humidity","meantemp","power","power",2,TRUE,TRUE,5,"ok (Gauss-Newton, 5 iterations)","y = 226.5 * x^-0.4189",226.502187505488,-0.418897312720187,NA,NA,23.9889546719821,NA,0.295654694169469,0.295206922201363,14.2259219769421,11.3672397349108,0.261739696827715,0.287530969939355,0.323464460698696,15.6148973709913,TRUE,0.30933569145003,FALSE,-0.0333081474073894
2,"primary","meantemp ~ wind_speed","meantemp","wind_speed","linear","linear",2,TRUE,TRUE,0,"ok (closed form)","y = 21.45 + 0.5548 x",21.4546813170708,0.554791488864754,NA,NA,NA,NA,0.0980785378317051,0.0975051611869701,6.96600326935979,5.99141394159232,0.157336866218337,0.112787915630245,-0.501882713791231,7.76009123508404,TRUE,-0.20218877630213,FALSE,0
2,"primary","meantemp ~ wind_speed","meantemp","wind_speed","poly2","quadratic",3,TRUE,TRUE,0,"ok (normal equations)","y = 25.91 + 2.713 u - 0.6747 u^2, u = (x - 6.808) / 4.142",25.9059000384402,2.71285032694426,-0.674746102232279,NA,6.80778473564779,4.14185060215107,0.110979313906604,0.109848244331421,6.91600416893866,5.93091451164111,0.162115089167098,0.131752590519598,-0.603382087038659,8.0180236255097,TRUE,-0.246766921353619,FALSE,0.0129007760748987
2,"primary","meantemp ~ wind_speed","meantemp","wind_speed","poly3","cubic",4,TRUE,TRUE,0,"ok (normal equations)","y = 25.85 + 2.896 u - 0.5636 u^2 - 0.08674 u^3, u = (x - 6.808) / 4.142",25.848106086798,2.89628502894822,-0.563568960095378,-0.0867384669755495,6.80778473564779,4.14185060215107,0.111249785295604,0.109552617476309,6.91495204294261,5.93102666422364,0.162165014955462,0.132484290111153,-0.614081727216225,8.04473195699031,TRUE,-0.252264554869958,FALSE,0.013171247463899
2,"primary","meantemp ~ wind_speed","meantemp","wind_speed","exponential","exponential",2,TRUE,TRUE,4,"ok (Gauss-Newton, 4 iterations)","y = 21.87 * exp(0.02049 x)",21.8695478743877,0.0204928641162823,NA,NA,6.80778473564779,NA,0.0940231367400092,0.0934471819636201,6.98164667838964,6.01380522554757,0.150490016435943,0.107290574291961,-0.479296364001898,7.70151938345403,TRUE,-0.192924591019139,TRUE,-0.00405540109169589
2,"primary","meantemp ~ wind_speed","meantemp","wind_speed","logarithmic","logarithmic",2,FALSE,FALSE,NA,"skipped: ln(x) undefined, 25 predictor values <= 0","",NA,NA,NA,NA,NA,NA,NA,NA,NA,NA,NA,NA,NA,NA,FALSE,NA,FALSE,NA
2,"primary","meantemp ~ wind_speed","meantemp","wind_speed","power","power",2,FALSE,FALSE,NA,"skipped: ln(x) undefined, 25 predictor values <= 0","",NA,NA,NA,NA,NA,NA,NA,NA,NA,NA,NA,NA,NA,NA,FALSE,NA,FALSE,NA
2,"reverse","wind_speed ~ meantemp","wind_speed","meantemp","linear","linear",2,TRUE,TRUE,0,"ok (closed form)","y = 2.347 + 0.1768 x",2.34723198134709,0.176784503367921,NA,NA,NA,NA,0.0980785378317051,0.0975051611869701,3.93224777549599,3.13249543973378,1.10325522489076,0.112787915630246,-0.339518923740818,4.08404625052443,TRUE,-0.121006881276924,FALSE,0
2,"reverse","wind_speed ~ meantemp","wind_speed","meantemp","poly2","quadratic",3,TRUE,TRUE,0,"ok (normal equations)","y = 6.402 + 1.449 u + 0.4064 u^2, u = (x - 25.23) / 7.337",6.40166988811142,1.44938764467038,0.406372862051955,NA,25.2315823464316,7.33731608053234,0.106128545932902,0.104991304897193,3.91466000466657,3.1127611059827,1.11511402376121,0.123642338983193,-0.386035075442451,4.15435241792801,TRUE,-0.140521885272629,FALSE,0.00805000810119649
2,"reverse","wind_speed ~ meantemp","wind_speed","meantemp","poly3","cubic",4,TRUE,TRUE,0,"ok (normal equations)","y = 6.348 +  1.03 u + 0.5498 u^2 + 0.2393 u^3, u = (x - 25.23) / 7.337",6.3479926402936,1.03022570404022,0.549752545035356,0.239313358600648,25.2315823464316,7.33731608053234,0.109938496145957,0.108238824273543,3.90630836399854,3.10523884493299,1.12135075346529,0.126700042779282,-0.364953493999129,4.1226375279683,TRUE,-0.128357334862793,FALSE,0.0118599583142516
2,"reverse","wind_speed ~ meantemp","wind_speed","meantemp","exponential","exponential",2,TRUE,TRUE,5,"ok (Gauss-Newton, 5 iterations); start values from the 1550 values with y > 0","y = 3.258 * exp(0.02834 x)",3.25834409241254,0.0283397711953199,NA,NA,25.2315823464316,NA,0.102794384603638,0.102224005954308,3.92195409568232,3.12034756956856,1.10935205183029,0.119337958293034,-0.372383672089208,4.13384316893484,TRUE,-0.13507983306745,FALSE,0.00471584677193315
2,"reverse","wind_speed ~ meantemp","wind_speed","meantemp","logarithmic","logarithmic",2,TRUE,TRUE,0,"ok (linear in ln x)","y = -4.91 + 3.688 ln(x)",-4.91027957575893,3.68771660141863,NA,NA,NA,NA,0.0885709887452292,0.0879915678861988,3.95291921450871,3.15540804261266,1.0924651969987,0.100558101130994,-0.295604457877267,4.01654319478925,TRUE,-0.103806444995534,TRUE,-0.00950754908647589
2,"reverse","wind_speed ~ meantemp","wind_speed","meantemp","power","power",2,TRUE,TRUE,5,"ok (Gauss-Newton, 5 iterations); start values from the 1550 values with y > 0","y = 0.8862 * x^0.6346",0.886197128742566,0.634624568051457,NA,NA,23.9889546719821,NA,0.0949517256406843,0.0943763611941749,3.93905810361295,3.13856952153731,1.09962511795658,0.109617958416914,-0.346091709412839,4.09405384040567,TRUE,-0.125857674109332,FALSE,-0.00312681219102073
3,"primary","meantemp ~ meanpressure","meantemp","meanpressure","linear","linear",2,TRUE,TRUE,0,"ok (closed form)","y = 905.6 - 0.8729 x",905.614988000574,-0.872921466277109,NA,NA,NA,NA,0.775960432137758,0.77581800393187,3.47185577949385,2.83379282095446,0.280739094002,0.772806082614799,0.755071635841739,3.13377894890556,TRUE,0.765444819886804,FALSE,0
3,"primary","meantemp ~ meanpressure","meantemp","meanpressure","poly2","quadratic",3,TRUE,TRUE,0,"ok (normal equations)","y = 26.88 - 6.639 u -  1.65 u^2, u = (x -  1009) / 7.404",26.880862714961,-6.63890906493183,-1.65032819595541,NA,1008.54823677193,7.40426310782654,0.814763572763567,0.814527903008814,3.15691225572732,2.51121044538103,0.4119187622608,0.818531748919929,0.681716669236679,3.57236450042944,TRUE,0.748122286122746,FALSE,0.038803140625809
3,"primary","meantemp ~ meanpressure","meantemp","meanpressure","poly3","cubic",4,TRUE,TRUE,0,"ok (normal equations)","y = 26.83 - 7.522 u - 1.549 u^2 + 0.5026 u^3, u = (x -  1009) / 7.404",26.8328163683247,-7.52154930247589,-1.54878412544378,0.502585867465326,1008.54823677193,7.40426310782654,0.818618965688717,0.81827259834121,3.12388652830248,2.47827016995068,0.407912923673372,0.820528469018215,0.71507007889351,3.38000892330018,TRUE,0.76667133861736,TRUE,0.0426585335509589
3,"primary","meantemp ~ meanpressure","meantemp","meanpressure","exponential","exponential",2,TRUE,TRUE,6,"ok (Gauss-Newton, 6 iterations)","y = 2.865e+15 * exp(-0.03212 x)",2865267623507476,-0.032115022699308,NA,NA,1008.54823677193,NA,0.730442571536234,0.730271206356028,3.80824574476503,3.15997999800831,0.222840009878636,0.72590445604329,0.716477145327234,3.37165286310682,TRUE,0.723374175841631,FALSE,-0.0455178606015246
3,"primary","meantemp ~ meanpressure","meantemp","meanpressure","logarithmic","logarithmic",2,TRUE,TRUE,0,"ok (linear in ln x)","y =  6107 - 879.4 ln(x)",6107.15506413835,-879.368453273346,NA,NA,NA,NA,0.774834651567781,0.774691507671766,3.48056774515176,2.84229120953517,0.278919630932743,0.771600609995859,0.754907991713101,3.13482566086431,TRUE,0.764799749692433,FALSE,-0.00112578056997736
3,"primary","meantemp ~ meanpressure","meantemp","meanpressure","power","power",2,TRUE,TRUE,6,"ok (Gauss-Newton, 6 iterations)","y = 2.535e+98 * x^-32.3",2.53461984379333e+98,-32.2980922261057,NA,NA,1008.5210597271,NA,0.72886628489838,0.728693917628766,3.81936422280984,3.17031601014421,0.221628907520185,0.724296802528628,0.714874138969663,3.38117090177727,TRUE,0.721784028299215,FALSE,-0.0470941472393787
3,"reverse","meanpressure ~ meantemp","meanpressure","meantemp","linear","linear",2,TRUE,TRUE,0,"ok (closed form)","y =  1031 - 0.8889 x",1030.97718404545,-0.888923531056148,NA,NA,NA,NA,0.775960432137758,0.77581800393187,3.50353363295964,2.81324298866591,0.279949971370605,0.7728060826148,0.730198880521439,2.94891125586396,TRUE,0.753008442226654,FALSE,0
3,"reverse","meanpressure ~ meantemp","meanpressure","meantemp","poly2","quadratic",3,TRUE,TRUE,0,"ok (normal equations)","y =  1009 - 6.857 u - 0.8921 u^2, u = (x - 25.23) / 7.337",1009.43981219132,-6.85658959052853,-0.892141858669459,NA,25.2315823464316,7.33731608053234,0.788101025947193,0.787831434377152,3.40728416408032,2.68714595250554,0.329218909175239,0.784823244871948,0.751783672327726,2.82849231091451,TRUE,0.769807553352439,TRUE,0.0121405938094352
3,"reverse","meanpressure ~ meantemp","meanpressure","meantemp","poly3","cubic",4,TRUE,TRUE,0,"ok (normal equations)","y =  1009 - 7.959 u - 0.5152 u^2 + 0.6292 u^3, u = (x - 25.23) / 7.337",1009.29868015899,-7.95867993531557,-0.515157812796709,0.629219679381722,25.2315823464316,7.33731608053234,0.796342695255019,0.795953788880585,3.34036499391423,2.63912656788475,0.3195674988727,0.794229490618189,0.737977248018481,2.90609181522131,TRUE,0.766965518449533,FALSE,0.0203822631172604
3,"reverse","meanpressure ~ meantemp","meanpressure","meantemp","exponential","exponential",2,TRUE,TRUE,2,"ok (Gauss-Newton, 2 iterations)","y =  1031 * exp(-0.0008797 x)",1031.16208640589,-0.000879664018598873,NA,NA,25.2315823464316,NA,0.775379565037452,0.775236767558137,3.50807249646645,2.8179073714725,0.278637206534526,0.772218899494511,0.729435927418113,2.95307782987641,TRUE,0.752336347488125,FALSE,-0.000580867100306248
3,"reverse","meanpressure ~ meantemp","meanpressure","meantemp","logarithmic","logarithmic",2,TRUE,TRUE,0,"ok (linear in ln x)","y =  1068 - 18.78 ln(x)",1068.23444219054,-18.7834615640112,NA,NA,NA,NA,0.719039668873116,0.718861054549449,3.92343471847013,3.19457964224305,0.223539089807706,0.714841609977926,0.665017851763599,3.28587214770336,TRUE,0.691939453156524,FALSE,-0.0569207632646426
3,"reverse","meanpressure ~ meantemp","meanpressure","meantemp","power","power",2,TRUE,TRUE,3,"ok (Gauss-Newton, 3 iterations)","y =  1070 * x^-0.01853",1069.70711674603,-0.0185335693364829,NA,NA,23.9889546719821,NA,0.71746495570262,0.717285340289844,3.93441429615009,3.20404216672476,0.222460469154196,0.713238170557641,0.663181233096896,3.29486761928425,TRUE,0.69023328669337,FALSE,-0.0584954764351377
4,"primary","humidity ~ wind_speed","humidity","wind_speed","linear","linear",2,TRUE,TRUE,0,"ok (closed form)","y = 71.57 - 1.638 x",71.5705494317275,-1.63789469993593,NA,NA,NA,NA,0.160069933351939,0.15953596636742,15.5349254714959,12.3583213796832,0.366816189341914,0.161737766570349,0.0986489169582904,18.0235700512635,TRUE,0.129092441662855,FALSE,0
4,"primary","humidity ~ wind_speed","humidity","wind_speed","poly2","quadratic",3,TRUE,TRUE,0,"ok (normal equations)","y = 59.11 - 7.592 u + 1.314 u^2, u = (x - 6.808) / 4.142",59.1068085268284,-7.59214678624421,1.31414074315187,NA,6.80778473564779,4.14185060215107,0.169233029308292,0.168176073874842,15.4499550781591,12.3359886724829,0.363329261881332,0.173558220900964,0.0808643782984603,18.2005128358926,TRUE,0.124520226086651,FALSE,0.00916309595635356
4,"primary","humidity ~ wind_speed","humidity","wind_speed","poly3","cubic",4,TRUE,TRUE,0,"ok (normal equations)","y = 59.48 - 8.768 u + 0.6014 u^2 + 0.5561 u^3, u = (x - 6.808) / 4.142",59.4773221381411,-8.76813582918544,0.601390649793374,0.556075189974473,6.80778473564779,4.14185060215107,0.171314586227191,0.169732118855251,15.4305873540093,12.3023425399579,0.366419517172881,0.176806572496618,0.0703230355852936,18.3045839207925,TRUE,0.120027577220272,FALSE,0.0112446528752523
4,"primary","humidity ~ wind_speed","humidity","wind_speed","exponential","exponential",2,TRUE,TRUE,4,"ok (Gauss-Newton, 4 iterations)","y = 72.99 * exp(-0.0288 x)",72.9874469945314,-0.0287976126931898,NA,NA,6.80778473564779,NA,0.164666446515128,0.164135401662309,15.4923597547752,12.3373231595378,0.369773379008719,0.167036535957493,0.0968141101782752,18.0419052798457,TRUE,0.130474755920292,TRUE,0.00459651316318899
4,"primary","humidity ~ wind_speed","humidity","wind_speed","logarithmic","logarithmic",2,FALSE,FALSE,NA,"skipped: ln(x) undefined, 25 predictor values <= 0","",NA,NA,NA,NA,NA,NA,NA,NA,NA,NA,NA,NA,NA,NA,FALSE,NA,FALSE,NA
4,"primary","humidity ~ wind_speed","humidity","wind_speed","power","power",2,FALSE,FALSE,NA,"skipped: ln(x) undefined, 25 predictor values <= 0","",NA,NA,NA,NA,NA,NA,NA,NA,NA,NA,NA,NA,NA,NA,FALSE,NA,FALSE,NA
4,"reverse","wind_speed ~ humidity","wind_speed","humidity","linear","linear",2,TRUE,TRUE,0,"ok (closed form)","y = 12.71 - 0.09773 x",12.712586652842,-0.0977290746213419,NA,NA,NA,NA,0.160069933351939,0.15953596636742,3.79470551571217,3.01582096997303,1.13106653074546,0.161737766570349,-0.00400796292979111,3.53577648876094,TRUE,0.0777640017188144,FALSE,0
4,"reverse","wind_speed ~ humidity","wind_speed","humidity","poly2","quadratic",3,TRUE,TRUE,0,"ok (normal equations)","y = 6.649 - 1.602 u + 0.1589 u^2, u = (x - 60.42) / 16.96",6.64901365324147,-1.60236874024813,0.158871953487892,NA,60.4201148949053,16.9560826662492,0.162259324621225,0.161193496789954,3.78975658212429,3.01225614986319,1.13072122052968,0.163519794271887,0.00534140371817937,3.51927533034858,TRUE,0.0832674502540667,FALSE,0.00218939126928586
4,"reverse","wind_speed ~ humidity","wind_speed","humidity","poly3","cubic",4,TRUE,TRUE,0,"ok (normal equations)","y = 6.625 - 2.007 u + 0.2397 u^2 + 0.1659 u^3, u = (x - 60.42) / 16.96",6.62534821044937,-2.00697879780706,0.239721897366131,0.165942614431954,60.4201148949053,16.9560826662492,0.165562532039273,0.163969080477286,3.78227770664312,3.00711763332399,1.13768445286558,0.16819264235538,-0.0186919817591071,3.56153870906067,TRUE,0.0726385493590893,FALSE,0.0054925986873342
4,"reverse","wind_speed ~ humidity","wind_speed","humidity","exponential","exponential",2,TRUE,TRUE,4,"ok (Gauss-Newton, 4 iterations); start values from the 1550 values with y > 0","y = 15.16 * exp(-0.0137 x)",15.1563422300351,-0.0136972883751737,NA,NA,60.4201148949053,NA,0.161593959430317,0.161060961311709,3.79126126710778,3.01372708274828,1.12983076164689,0.162488924323055,0.0124298820129359,3.50671277310341,TRUE,0.0867454216623226,FALSE,0.00152402607837787
4,"reverse","wind_speed ~ humidity","wind_speed","humidity","logarithmic","logarithmic",2,TRUE,TRUE,0,"ok (linear in ln x)","y = 27.17 - 5.024 ln(x)",27.1729098382338,-5.02424416660586,NA,NA,NA,NA,0.1593115656579,0.158777116557874,3.79641823733979,3.01799248237497,1.12642174728775,0.159550923541767,0.0210963836474857,3.49129214619528,TRUE,0.0899367501026796,FALSE,-0.000758367694038697
4,"reverse","wind_speed ~ humidity","wind_speed","humidity","power","power",2,TRUE,TRUE,5,"ok (Gauss-Newton, 5 iterations); start values from the 1550 values with y > 0","y = 80.18 * x^-0.6134",80.1755673172544,-0.61340734515995,NA,NA,57.5912646391778,NA,0.150924526256733,0.15038474528169,3.81530852288011,3.03838432126886,1.11973399741812,0.149401835660659,0.04419693535875,3.44985176386189,TRUE,0.09729084032022,TRUE,-0.00914540709520539
5,"primary","humidity ~ meanpressure","humidity","meanpressure","linear","linear",2,TRUE,TRUE,0,"ok (closed form)","y = -722.9 + 0.7767 x",-722.90315398164,0.776683990231086,NA,NA,NA,NA,0.115027410101516,0.114464808327899,15.9460279124784,12.7592515854582,0.258288580332804,0.107126100108087,0.133035130958872,17.6764307471069,TRUE,0.123749969643386,FALSE,0
5,"primary","humidity ~ meanpressure","humidity","meanpressure","poly2","quadratic",3,TRUE,TRUE,0,"ok (normal equations)","y = 55.24 + 6.302 u + 5.182 u^2, u = (x -  1009) / 7.404",55.2411454768345,6.30208320754997,5.18225974171636,NA,1008.54823677193,7.40426310782654,0.186672758276708,0.185637990793599,15.2869297429396,12.2118356454507,0.323189837889278,0.170445982077005,0.291668421257433,15.977621483219,TRUE,0.238653206025516,TRUE,0.071645348175192
5,"primary","humidity ~ meanpressure","humidity","meanpressure","poly3","cubic",4,TRUE,TRUE,0,"ok (normal equations)","y = 55.24 + 6.289 u + 5.184 u^2 + 0.007257 u^3, u = (x -  1009) / 7.404",55.2404517471908,6.28933897743948,5.18372591212862,0.00725671646590798,1008.54823677193,7.40426310782654,0.186672908782016,0.185119769842707,15.2869283285248,12.2119498239,0.32318725575876,0.170875331012154,0.283258148142728,16.0721955788642,TRUE,0.234188958992718,FALSE,0.0716454986805001
5,"primary","humidity ~ meanpressure","humidity","meanpressure","exponential","exponential",2,TRUE,TRUE,4,"ok (Gauss-Newton, 4 iterations)","y = 5.328e-05 * exp(0.01382 x)",5.32840784041531e-05,0.0138175517125878,NA,NA,1008.54823677193,NA,0.122908464487407,0.122350872920012,15.8748660725981,12.689177123599,0.261982074446011,0.113775145402028,0.152226632162913,17.4796893910672,TRUE,0.137288752541463,FALSE,0.00788105438589126
5,"primary","humidity ~ meanpressure","humidity","meanpressure","logarithmic","logarithmic",2,TRUE,TRUE,0,"ok (linear in ln x)","y = -5341 +   781 ln(x)",-5341.13977087046,780.996567324349,NA,NA,NA,NA,0.114442919319387,0.113879945968669,15.951292916171,12.7638932170441,0.258036445669485,0.106601507029596,0.131854212999173,17.6884654394594,TRUE,0.122867079483921,FALSE,-0.000584490782128411
5,"primary","humidity ~ meanpressure","humidity","meanpressure","power","power",2,TRUE,TRUE,4,"ok (Gauss-Newton, 4 iterations)","y = 1.026e-40 * x^13.91",1.02627358788808e-40,13.9054282989322,NA,NA,1008.5210597271,NA,0.12232795287629,0.121769992261462,15.8801186713075,12.6940344539784,0.261704171370063,0.11325040614753,0.151077690289888,17.4915300244451,TRUE,0.136423841275675,FALSE,0.0073005427747741
5,"reverse","meanpressure ~ humidity","meanpressure","humidity","linear","linear",2,TRUE,TRUE,0,"ok (closed form)","y = 999.6 + 0.1481 x",999.599977992536,0.148100658116169,NA,NA,NA,NA,0.115027410101516,0.1144648083279,6.96319949086763,5.92475689755879,0.0758314404325253,0.107126100108087,-0.213372718499002,6.25369854399363,TRUE,-0.0494539550855509,FALSE,0
5,"reverse","meanpressure ~ humidity","meanpressure","humidity","poly2","quadratic",3,TRUE,TRUE,0,"ok (normal equations)","y =  1009 + 2.311 u - 0.5818 u^2, u = (x - 60.42) / 16.96",1009.12969582442,2.31075925789483,-0.581828467397997,NA,60.4201148949053,16.9560826662492,0.124215897350985,0.123101668212755,6.92695643975923,5.90001487455983,0.0700144885465739,0.117154860049739,-0.221367059145453,6.27426605750981,TRUE,-0.0491326954663494,FALSE,0.00918848724946886
5,"reverse","meanpressure ~ humidity","meanpressure","humidity","poly3","cubic",4,TRUE,TRUE,0,"ok (normal equations)","y =  1009 + 2.673 u - 0.6543 u^2 - 0.1487 u^3, u = (x - 60.42) / 16.96",1009.15090666178,2.67340272076132,-0.654292567270984,-0.148730866201855,60.4201148949053,16.9560826662492,0.125046220941832,0.123375398957634,6.92367196631506,5.89128692691668,0.0696688574865469,0.117388486230987,-0.21092768754338,6.24739454650186,TRUE,-0.0437761442928732,TRUE,0.0100188108403155
5,"reverse","meanpressure ~ humidity","meanpressure","humidity","exponential","exponential",2,TRUE,TRUE,2,"ok (Gauss-Newton, 2 iterations)","y = 999.6 * exp(0.0001468 x)",999.640318954244,0.000146781607501795,NA,NA,60.4201148949053,NA,0.114928411079796,0.114365746369739,6.96358895528028,5.92530919934324,0.075848749210587,0.107027077783159,-0.213501238398247,6.25402972970974,TRUE,-0.0495677460142539,FALSE,-9.89990217197256e-05
5,"reverse","meanpressure ~ humidity","meanpressure","humidity","logarithmic","logarithmic",2,TRUE,TRUE,0,"ok (linear in ln x)","y = 976.7 + 7.848 ln(x)",976.738459574259,7.84773413967966,NA,NA,NA,NA,0.121624080321573,0.121065672235318,6.93719877019818,5.90757133457753,0.07247712590018,0.114681677673106,-0.226173728115925,6.28660006721722,TRUE,-0.0525540279403033,FALSE,0.00659667022005694
5,"reverse","meanpressure ~ humidity","meanpressure","humidity","power","power",2,TRUE,TRUE,2,"ok (Gauss-Newton, 2 iterations)","y = 977.2 * x^0.007792",977.187536698833,0.00779235858887972,NA,NA,57.5912646391778,NA,0.121622362717451,0.121063953539268,6.93720555280408,5.90741817428884,0.072488040311173,0.11466850729236,-0.2259164296677,6.28594044726743,TRUE,-0.0524262380642163,FALSE,0.00659495261593512
6,"primary","wind_speed ~ meanpressure","wind_speed","meanpressure","linear","linear",2,TRUE,TRUE,0,"ok (closed form)","y = 175.7 - 0.1674 x",175.657902121688,-0.167418980302302,NA,NA,NA,NA,0.0895744625771825,0.0889956796544725,3.95074255381743,3.16322067552263,1.09451469812993,0.104616815320496,-0.356256520514104,4.10948258718651,TRUE,-0.133630420429816,FALSE,0
6,"primary","wind_speed ~ meanpressure","wind_speed","meanpressure","poly2","quadratic",3,TRUE,TRUE,0,"ok (normal equations)","y = 6.838 - 1.243 u - 0.03038 u^2, u = (x -  1009) / 7.404",6.83814167769531,-1.24284573038238,-0.0303762285418377,NA,1008.54823677193,7.40426310782654,0.0896157178571502,0.0884574681343221,3.95065304027134,3.16317135837556,1.09455909745645,0.104621235760116,-0.355971216243219,4.10905032581789,TRUE,-0.133756874054449,FALSE,4.1255279967678e-05
6,"primary","wind_speed ~ meanpressure","wind_speed","meanpressure","poly3","cubic",4,TRUE,TRUE,0,"ok (normal equations)","y = 6.822 - 1.542 u + 0.003991 u^2 + 0.1701 u^3, u = (x -  1009) / 7.404",6.82188037993392,-1.54157553449287,0.0039913869397855,0.170100309673596,1008.54823677193,7.40426310782654,0.0910016561912267,0.0892658223074416,3.94764472440696,3.15612479284568,1.09690114189893,0.105849992439637,-0.351235949094629,4.10186932240107,TRUE,-0.130985063393594,TRUE,0.0014271936140442
6,"primary","wind_speed ~ meanpressure","wind_speed","meanpressure","exponential","exponential",2,TRUE,TRUE,4,"ok (Gauss-Newton, 4 iterations); start values from the 1550 values with y > 0","y = 2.402e+11 * exp(-0.0241 x)",240183612737.08,-0.024096290952819,NA,NA,1008.54823677193,NA,0.0886270868418634,0.0880477016459587,3.95279756232646,3.16488711769096,1.09351032045076,0.103613217982902,-0.355271584577651,4.10799012903407,TRUE,-0.133611941465846,FALSE,-0.000947375735319111
6,"primary","wind_speed ~ meanpressure","wind_speed","meanpressure","logarithmic","logarithmic",2,TRUE,TRUE,0,"ok (linear in ln x)","y =  1174 - 168.8 ln(x)",1174.02757093564,-168.765072611258,NA,NA,NA,NA,0.0895608093961294,0.0889820177937112,3.95077217732805,3.16323161804856,1.09450061887531,0.104611063888568,-0.356392031072987,4.10968788182076,TRUE,-0.133705006639638,FALSE,-1.36531810530638e-05
6,"primary","wind_speed ~ meanpressure","wind_speed","meanpressure","power","power",2,TRUE,TRUE,4,"ok (Gauss-Newton, 4 iterations); start values from the 1550 values with y > 0","y = 4.868e+73 * x^-24.26",4.86774415188784e+73,-24.2572398503105,NA,NA,1008.5210597271,NA,0.0885592767583744,0.0879798484537072,3.9529446122021,3.16501315737094,1.09343902747893,0.103540167105352,-0.355202904109398,4.10788603836199,TRUE,-0.133611527827845,FALSE,-0.00101518581880811
6,"reverse","meanpressure ~ wind_speed","meanpressure","wind_speed","linear","linear",2,TRUE,TRUE,0,"ok (closed form)","y =  1012 - 0.535 x",1012.19061745024,-0.535031705577477,NA,NA,NA,NA,0.0895744625771825,0.0889956796544725,7.06262493498886,6.08172370413868,0.147807216826107,0.104616815320495,-0.771824125250768,7.55701240041784,TRUE,-0.341414222798148,TRUE,0
6,"reverse","meanpressure ~ wind_speed","meanpressure","wind_speed","poly2","quadratic",3,TRUE,TRUE,0,"ok (normal equations)","y =  1008 - 2.644 u + 0.6961 u^2, u = (x - 6.808) / 4.142",1007.85259308142,-2.64413264793916,0.696085649643909,NA,6.80778473564779,4.14185060215107,0.103056986510893,0.101915837638769,7.01013454610198,5.99899683163793,0.153865960536461,0.122851702855579,-0.869886507745668,7.76331938377202,TRUE,-0.38398533505345,FALSE,0.0134825239337101
6,"reverse","meanpressure ~ wind_speed","meanpressure","wind_speed","poly3","cubic",4,TRUE,TRUE,0,"ok (normal equations)","y =  1008 -  2.72 u + 0.6504 u^2 + 0.03566 u^3, u = (x - 6.808) / 4.142",1007.87635662895,-2.7195567906845,0.650372158429085,0.0356648684420361,6.80778473564779,4.14185060215107,0.103101891011472,0.101389163877821,7.00995906643047,5.99850116527106,0.153939467773897,0.123047462962931,-0.875119601015031,7.77417506664154,TRUE,-0.386865218568605,FALSE,0.0135274284342891
6,"reverse","meanpressure ~ wind_speed","meanpressure","wind_speed","exponential","exponential",2,TRUE,TRUE,2,"ok (Gauss-Newton, 2 iterations)","y =  1012 * exp(-0.0005314 x)",1012.20107118569,-0.000531414097336617,NA,NA,6.80778473564779,NA,0.0896687411958944,0.0890900182087335,7.06225924238968,6.08106627543372,0.147963937622594,0.104745004910457,-0.772545955519007,7.5585515838933,TRUE,-0.341727968655137,FALSE,9.42786187119182e-05
6,"reverse","meanpressure ~ wind_speed","meanpressure","wind_speed","logarithmic","logarithmic",2,FALSE,FALSE,NA,"skipped: ln(x) undefined, 25 predictor values <= 0","",NA,NA,NA,NA,NA,NA,NA,NA,NA,NA,NA,NA,NA,NA,FALSE,NA,FALSE,NA
6,"reverse","meanpressure ~ wind_speed","meanpressure","wind_speed","power","power",2,FALSE,FALSE,NA,"skipped: ln(x) undefined, 25 predictor values <= 0","",NA,NA,NA,NA,NA,NA,NA,NA,NA,NA,NA,NA,NA,NA,FALSE,NA,FALSE,NA
