"Pair","Direction","Relation","Response","Predictor","r","Linear","Quadratic","Cubic","Exponential","Logarithmic","Power","Selected","R2_selected","R2_test_selected","Best_nonlinear","R2_best_nonlinear","Delta_R2","R2_test_linear","R2_test_best_nonlinear","Max_gain_curve","Max_gain_in_sample","DW_linear","Strength"
1,"primary","meantemp ~ humidity","meantemp","humidity",-0.573552823702279,0.328962841576858,0.328966682052299,0.3306618214111,0.32579168045849,0.313133506949439,0.296116509907563,"cubic",0.3306618214111,0.132419365573444,"cubic",0.3306618214111,0.0016989798342415,0.121544679932668,0.132419365573444,"cubic",0.0016989798342415,0.0711626410888395,"moderate"
1,"reverse","humidity ~ meantemp","humidity","meantemp",-0.573552823702279,0.328962841576858,0.339738854810342,0.372433426934754,0.319916416738909,0.308919331094843,0.295654694169469,"linear",0.328962841576858,0.309867779963528,"logarithmic",0.308919331094843,-0.0200435104820151,0.309867779963528,0.329622556697702,"cubic",0.0434705853578956,0.252830658357723,"moderate"
2,"primary","meantemp ~ wind_speed","meantemp","wind_speed",0.313174931678295,0.0980785378317051,0.110979313906604,0.111249785295604,0.0940231367400092,NA,NA,"exponential",0.0940231367400092,-0.479296364001898,"exponential",0.0940231367400092,-0.00405540109169589,-0.501882713791231,-0.479296364001898,"cubic",0.013171247463899,0.157336866218337,"very weak"
2,"reverse","wind_speed ~ meantemp","wind_speed","meantemp",0.313174931678295,0.0980785378317051,0.106128545932902,0.109938496145957,0.102794384603638,0.0885709887452292,0.0949517256406843,"logarithmic",0.0885709887452292,-0.295604457877267,"logarithmic",0.0885709887452292,-0.00950754908647589,-0.339518923740818,-0.295604457877267,"cubic",0.0118599583142516,1.10325522489076,"very weak"
3,"primary","meantemp ~ meanpressure","meantemp","meanpressure",-0.880886162984615,0.775960432137758,0.814763572763567,0.818618965688717,0.730442571536234,0.774834651567781,0.72886628489838,"cubic",0.818618965688717,0.71507007889351,"cubic",0.818618965688717,0.0426585335509589,0.755071635841739,0.71507007889351,"cubic",0.0426585335509589,0.280739094002,"strong"
3,"reverse","meanpressure ~ meantemp","meanpressure","meantemp",-0.880886162984615,0.775960432137758,0.788101025947193,0.796342695255019,0.775379565037452,0.719039668873116,0.71746495570262,"quadratic",0.788101025947193,0.751783672327726,"quadratic",0.788101025947193,0.0121405938094352,0.730198880521439,0.751783672327726,"cubic",0.0203822631172604,0.279949971370605,"strong"
4,"primary","humidity ~ wind_speed","humidity","wind_speed",-0.400087407139913,0.160069933351939,0.169233029308292,0.171314586227191,0.164666446515128,NA,NA,"exponential",0.164666446515128,0.0968141101782752,"exponential",0.164666446515128,0.00459651316318899,0.0986489169582904,0.0968141101782752,"cubic",0.0112446528752523,0.366816189341914,"weak"
4,"reverse","wind_speed ~ humidity","wind_speed","humidity",-0.400087407139913,0.160069933351939,0.162259324621225,0.165562532039273,0.161593959430317,0.1593115656579,0.150924526256733,"power",0.150924526256733,0.04419693535875,"power",0.150924526256733,-0.00914540709520539,-0.00400796292979111,0.04419693535875,"cubic",0.0054925986873342,1.13106653074546,"weak"
5,"primary","humidity ~ meanpressure","humidity","meanpressure",0.339156910738254,0.115027410101516,0.186672758276708,0.186672908782016,0.122908464487407,0.114442919319387,0.12232795287629,"quadratic",0.186672758276708,0.291668421257433,"quadratic",0.186672758276708,0.071645348175192,0.133035130958872,0.291668421257433,"cubic",0.0716454986805001,0.258288580332804,"weak"
5,"reverse","meanpressure ~ humidity","meanpressure","humidity",0.339156910738254,0.115027410101516,0.124215897350985,0.125046220941832,0.114928411079796,0.121624080321573,0.121622362717451,"cubic",0.125046220941832,-0.21092768754338,"cubic",0.125046220941832,0.0100188108403155,-0.213372718499002,-0.21092768754338,"cubic",0.0100188108403155,0.0758314404325253,"weak"
6,"primary","wind_speed ~ meanpressure","wind_speed","meanpressure",-0.299289930631123,0.0895744625771825,0.0896157178571502,0.0910016561912267,0.0886270868418634,0.0895608093961294,0.0885592767583744,"cubic",0.0910016561912267,-0.351235949094629,"cubic",0.0910016561912267,0.0014271936140442,-0.356256520514104,-0.351235949094629,"cubic",0.0014271936140442,1.09451469812993,"very weak"
6,"reverse","meanpressure ~ wind_speed","meanpressure","wind_speed",-0.299289930631123,0.0895744625771825,0.103056986510893,0.103101891011472,0.0896687411958944,NA,NA,"linear",0.0895744625771825,-0.771824125250768,"exponential",0.0896687411958944,9.42786187119182e-05,-0.771824125250768,-0.772545955519007,"cubic",0.0135274284342891,0.147807216826107,"very weak"
